<MigrationProcessCSVMetadataVO>
   <MigrationProcessCSVMetadataVORow>
      <ProcessId>-999</ProcessId>
      <ProcessName>Manage Geography Lookups_20240103_044452_369</ProcessName>
      <ProcessDescription>Manage Geography Lookups_20240103_044452_369</ProcessDescription>
      <ProcessDate>2024-01-03 16:45:16.651</ProcessDate>
      <ObjectShortName>HZ_MANAGE_GEOGRAPHY_LOOKUPS</ObjectShortName>
      <ObjectType>TASK</ObjectType>
      <CreatedByFlow>TASK_CSV_SERVICE</CreatedByFlow>
      <MigrationProcessBusinessObjectCSVMetadata1>
         <MigrationProcessBusinessObjectCSVMetadataVORow>
            <ProcessId>-999</ProcessId>
            <BusinessObjectShortName>ORA_FND_APP_STANDARD_LOOKUP_CODE</BusinessObjectShortName>
            <BatchName>e010e226-34fb-43fc-ad1b-e70380d6c5c8/FND_APP_STANDARD_LOOKUP/StandardLookupType1</BatchName>
            <XmlAttributeList>LookupCode,Meaning,Description,EnabledFlag,StartDateActive,EndDateActive,DisplaySequence,CreatedBy,CreationDate,LastUpdatedBy,LastUpdateDate,LastUpdateLogin,Tag</XmlAttributeList>
            <XmlAttributeTypeList>string,string,string,string,date,date,long,string,dateTime,string,dateTime,string,string</XmlAttributeTypeList>
            <XmlNodePath>/StandardLookupType1VO/StandardLookupType1VORow/Lookup1VO/Lookup1VORow</XmlNodePath>
            <NodeSequence>2</NodeSequence>
         </MigrationProcessBusinessObjectCSVMetadataVORow>
         <MigrationProcessBusinessObjectCSVMetadataVORow>
            <ProcessId>-999</ProcessId>
            <BusinessObjectShortName>FND_APP_STANDARD_LOOKUP</BusinessObjectShortName>
            <BatchName>e010e226-34fb-43fc-ad1b-e70380d6c5c8/FND_APP_STANDARD_LOOKUP/StandardLookupType1</BatchName>
            <XmlAttributeList>LookupType,Meaning,Description,CreatedBy,CreationDate,LastUpdatedBy,LastUpdateDate,LastUpdateLogin,ModuleId,CustomizationLevel,RestAccessSecured</XmlAttributeList>
            <XmlAttributeTypeList>string,string,string,string,dateTime,string,dateTime,string,string,string,string</XmlAttributeTypeList>
            <XmlNodePath>/StandardLookupType1VO/StandardLookupType1VORow</XmlNodePath>
            <NodeSequence>1</NodeSequence>
         </MigrationProcessBusinessObjectCSVMetadataVORow>
      </MigrationProcessBusinessObjectCSVMetadata1>
      <MigrationProcessBatchCSVMetadata>
         <MigrationProcessBatchCSVMetadataVORow>
            <ProcessId>-999</ProcessId>
            <BatchName>e010e226-34fb-43fc-ad1b-e70380d6c5c8/FND_APP_STANDARD_LOOKUP/StandardLookupType1</BatchName>
            <ImportSequence>0</ImportSequence>
            <ServiceName>oracle.apps.fnd.applcore.lookups.webservice.LookupWS</ServiceName>
            <BatchSize>500</BatchSize>
         </MigrationProcessBatchCSVMetadataVORow>
      </MigrationProcessBatchCSVMetadata>
      <MigrationProcessScopeValueCSVMetadata>
         <MigrationProcessScopeValueCSVMetadataVORow>
            <ProcessId>-999</ProcessId>
            <MigScopeValueSetId>100001708447153</MigScopeValueSetId>
            <BusinessObjectShortName>FND_APP_STANDARD_LOOKUP</BusinessObjectShortName>
            <ScopeValueBoAttributeId>mode</ScopeValueBoAttributeId>
            <ScopeValueBoAttributeValue>edit</ScopeValueBoAttributeValue>
            <ScopeValueBoAttributeValueCode>edit</ScopeValueBoAttributeValueCode>
         </MigrationProcessScopeValueCSVMetadataVORow>
         <MigrationProcessScopeValueCSVMetadataVORow>
            <ProcessId>-999</ProcessId>
            <MigScopeValueSetId>100001708447153</MigScopeValueSetId>
            <BusinessObjectShortName>FND_APP_STANDARD_LOOKUP</BusinessObjectShortName>
            <ScopeValueBoAttributeId>lookupType</ScopeValueBoAttributeId>
            <ScopeValueBoAttributeValue>HZ_GEO_POSTAL_CODE_RANGE_FLAG</ScopeValueBoAttributeValue>
            <ScopeValueBoAttributeValueCode>HZ_GEO_POSTAL_CODE_RANGE_FLAG</ScopeValueBoAttributeValueCode>
         </MigrationProcessScopeValueCSVMetadataVORow>
         <MigrationProcessScopeValueCSVMetadataVORow>
            <ProcessId>-999</ProcessId>
            <MigScopeValueSetId>100001708447150</MigScopeValueSetId>
            <BusinessObjectShortName>FND_APP_STANDARD_LOOKUP</BusinessObjectShortName>
            <ScopeValueBoAttributeId>mode</ScopeValueBoAttributeId>
            <ScopeValueBoAttributeValue>edit</ScopeValueBoAttributeValue>
            <ScopeValueBoAttributeValueCode>edit</ScopeValueBoAttributeValueCode>
         </MigrationProcessScopeValueCSVMetadataVORow>
         <MigrationProcessScopeValueCSVMetadataVORow>
            <ProcessId>-999</ProcessId>
            <MigScopeValueSetId>100001708447150</MigScopeValueSetId>
            <BusinessObjectShortName>FND_APP_STANDARD_LOOKUP</BusinessObjectShortName>
            <ScopeValueBoAttributeId>lookupType</ScopeValueBoAttributeId>
            <ScopeValueBoAttributeValue>HZ_GEO_IDENTIFIER_TYPE</ScopeValueBoAttributeValue>
            <ScopeValueBoAttributeValueCode>HZ_GEO_IDENTIFIER_TYPE</ScopeValueBoAttributeValueCode>
         </MigrationProcessScopeValueCSVMetadataVORow>
         <MigrationProcessScopeValueCSVMetadataVORow>
            <ProcessId>-999</ProcessId>
            <MigScopeValueSetId>100001708447147</MigScopeValueSetId>
            <BusinessObjectShortName>FND_APP_STANDARD_LOOKUP</BusinessObjectShortName>
            <ScopeValueBoAttributeId>mode</ScopeValueBoAttributeId>
            <ScopeValueBoAttributeValue>edit</ScopeValueBoAttributeValue>
            <ScopeValueBoAttributeValueCode>edit</ScopeValueBoAttributeValueCode>
         </MigrationProcessScopeValueCSVMetadataVORow>
         <MigrationProcessScopeValueCSVMetadataVORow>
            <ProcessId>-999</ProcessId>
            <MigScopeValueSetId>100001708447147</MigScopeValueSetId>
            <BusinessObjectShortName>FND_APP_STANDARD_LOOKUP</BusinessObjectShortName>
            <ScopeValueBoAttributeId>lookupType</ScopeValueBoAttributeId>
            <ScopeValueBoAttributeValue>HZ_GEO_IDENTIFIER_SUBTYPE</ScopeValueBoAttributeValue>
            <ScopeValueBoAttributeValueCode>HZ_GEO_IDENTIFIER_SUBTYPE</ScopeValueBoAttributeValueCode>
         </MigrationProcessScopeValueCSVMetadataVORow>
         <MigrationProcessScopeValueCSVMetadataVORow>
            <ProcessId>-999</ProcessId>
            <MigScopeValueSetId>100001708447144</MigScopeValueSetId>
            <BusinessObjectShortName>FND_APP_STANDARD_LOOKUP</BusinessObjectShortName>
            <ScopeValueBoAttributeId>mode</ScopeValueBoAttributeId>
            <ScopeValueBoAttributeValue>edit</ScopeValueBoAttributeValue>
            <ScopeValueBoAttributeValueCode>edit</ScopeValueBoAttributeValueCode>
         </MigrationProcessScopeValueCSVMetadataVORow>
         <MigrationProcessScopeValueCSVMetadataVORow>
            <ProcessId>-999</ProcessId>
            <MigScopeValueSetId>100001708447144</MigScopeValueSetId>
            <BusinessObjectShortName>FND_APP_STANDARD_LOOKUP</BusinessObjectShortName>
            <ScopeValueBoAttributeId>lookupType</ScopeValueBoAttributeId>
            <ScopeValueBoAttributeValue>HZ_GEO_GNR_RUN_TYPE</ScopeValueBoAttributeValue>
            <ScopeValueBoAttributeValueCode>HZ_GEO_GNR_RUN_TYPE</ScopeValueBoAttributeValueCode>
         </MigrationProcessScopeValueCSVMetadataVORow>
         <MigrationProcessScopeValueCSVMetadataVORow>
            <ProcessId>-999</ProcessId>
            <MigScopeValueSetId>100001708447141</MigScopeValueSetId>
            <BusinessObjectShortName>FND_APP_STANDARD_LOOKUP</BusinessObjectShortName>
            <ScopeValueBoAttributeId>mode</ScopeValueBoAttributeId>
            <ScopeValueBoAttributeValue>edit</ScopeValueBoAttributeValue>
            <ScopeValueBoAttributeValueCode>edit</ScopeValueBoAttributeValueCode>
         </MigrationProcessScopeValueCSVMetadataVORow>
         <MigrationProcessScopeValueCSVMetadataVORow>
            <ProcessId>-999</ProcessId>
            <MigScopeValueSetId>100001708447141</MigScopeValueSetId>
            <BusinessObjectShortName>FND_APP_STANDARD_LOOKUP</BusinessObjectShortName>
            <ScopeValueBoAttributeId>lookupType</ScopeValueBoAttributeId>
            <ScopeValueBoAttributeValue>HZ_GEO_DISPLAY_ONLY</ScopeValueBoAttributeValue>
            <ScopeValueBoAttributeValueCode>HZ_GEO_DISPLAY_ONLY</ScopeValueBoAttributeValueCode>
         </MigrationProcessScopeValueCSVMetadataVORow>
         <MigrationProcessScopeValueCSVMetadataVORow>
            <ProcessId>-999</ProcessId>
            <MigScopeValueSetId>100001708447138</MigScopeValueSetId>
            <BusinessObjectShortName>FND_APP_STANDARD_LOOKUP</BusinessObjectShortName>
            <ScopeValueBoAttributeId>mode</ScopeValueBoAttributeId>
            <ScopeValueBoAttributeValue>edit</ScopeValueBoAttributeValue>
            <ScopeValueBoAttributeValueCode>edit</ScopeValueBoAttributeValueCode>
         </MigrationProcessScopeValueCSVMetadataVORow>
         <MigrationProcessScopeValueCSVMetadataVORow>
            <ProcessId>-999</ProcessId>
            <MigScopeValueSetId>100001708447138</MigScopeValueSetId>
            <BusinessObjectShortName>FND_APP_STANDARD_LOOKUP</BusinessObjectShortName>
            <ScopeValueBoAttributeId>lookupType</ScopeValueBoAttributeId>
            <ScopeValueBoAttributeValue>HZ_GEO_DATA_PROVIDER</ScopeValueBoAttributeValue>
            <ScopeValueBoAttributeValueCode>HZ_GEO_DATA_PROVIDER</ScopeValueBoAttributeValueCode>
         </MigrationProcessScopeValueCSVMetadataVORow>
         <MigrationProcessScopeValueCSVMetadataVORow>
            <ProcessId>-999</ProcessId>
            <MigScopeValueSetId>100001708447135</MigScopeValueSetId>
            <BusinessObjectShortName>FND_APP_STANDARD_LOOKUP</BusinessObjectShortName>
            <ScopeValueBoAttributeId>mode</ScopeValueBoAttributeId>
            <ScopeValueBoAttributeValue>edit</ScopeValueBoAttributeValue>
            <ScopeValueBoAttributeValueCode>edit</ScopeValueBoAttributeValueCode>
         </MigrationProcessScopeValueCSVMetadataVORow>
         <MigrationProcessScopeValueCSVMetadataVORow>
            <ProcessId>-999</ProcessId>
            <MigScopeValueSetId>100001708447135</MigScopeValueSetId>
            <BusinessObjectShortName>FND_APP_STANDARD_LOOKUP</BusinessObjectShortName>
            <ScopeValueBoAttributeId>lookupType</ScopeValueBoAttributeId>
            <ScopeValueBoAttributeValue>HZ_GEOGRAPHY_USAGE</ScopeValueBoAttributeValue>
            <ScopeValueBoAttributeValueCode>HZ_GEOGRAPHY_USAGE</ScopeValueBoAttributeValueCode>
         </MigrationProcessScopeValueCSVMetadataVORow>
      </MigrationProcessScopeValueCSVMetadata>
      <MigrationProcessMigrationObjectCSVMetadata>
         <MigrationProcessMigrationObjectCSVMetadataVORow>
            <ProcessId>-999</ProcessId>
            <BusinessObjectShortName>FND_APP_STANDARD_LOOKUP</BusinessObjectShortName>
            <MigrateFlag>Y</MigrateFlag>
            <IncludeExternalDataFlag>Y</IncludeExternalDataFlag>
         </MigrationProcessMigrationObjectCSVMetadataVORow>
      </MigrationProcessMigrationObjectCSVMetadata>
      <MigrationProcessTaskCSVMetadata null="true"/>
      <MigrationProcessServiceVersionCSVMetadata null="true"/>
   </MigrationProcessCSVMetadataVORow>
</MigrationProcessCSVMetadataVO>