<MigrationProcessCSVMetadataVO>
   <MigrationProcessCSVMetadataVORow>
      <ProcessId>-999</ProcessId>
      <ProcessName>Manage Value Sets_20240103_044812_073</ProcessName>
      <ProcessDescription>Manage Value Sets_20240103_044812_073</ProcessDescription>
      <ProcessDate>2024-01-03 16:53:18.497</ProcessDate>
      <ObjectShortName>FND_MANAGE_VALUE_SETS</ObjectShortName>
      <ObjectType>TASK</ObjectType>
      <CreatedByFlow>TASK_CSV_SERVICE</CreatedByFlow>
      <MigrationProcessBusinessObjectCSVMetadata1>
         <MigrationProcessBusinessObjectCSVMetadataVORow>
            <ProcessId>-999</ProcessId>
            <BusinessObjectShortName>ORA_APPLICATION_FLEXFIELD_RELATED_VALUE_SET</BusinessObjectShortName>
            <BatchName>f24622db-93d5-4ea7-bef4-5753d5e14771/FND_APP_FLEX_VALUE_SET/ValueSet</BatchName>
            <XmlAttributeList>ValueSetCode1,EnabledFlag,CreationDate,CreatedBy,LastUpdateDate,LastUpdatedBy,LastUpdateLogin</XmlAttributeList>
            <XmlAttributeTypeList>string,string,dateTime,string,dateTime,string,string</XmlAttributeTypeList>
            <XmlNodePath>/ValueSetVO/ValueSetVORow/RelatedValueSetVO/RelatedValueSetVORow</XmlNodePath>
            <NodeSequence>5</NodeSequence>
         </MigrationProcessBusinessObjectCSVMetadataVORow>
         <MigrationProcessBusinessObjectCSVMetadataVORow>
            <ProcessId>-999</ProcessId>
            <BusinessObjectShortName>ORA_APPLICATION_FLEXFIELD_RELATED_VALUE_SET_VALUE</BusinessObjectShortName>
            <BatchName>f24622db-93d5-4ea7-bef4-5753d5e14771/FND_APP_FLEX_VALUE_SET/ValueSet</BatchName>
            <XmlAttributeList>EnabledFlag,CreationDate,CreatedBy,LastUpdateDate,LastUpdatedBy,LastUpdateLogin,Value1,Value2</XmlAttributeList>
            <XmlAttributeTypeList>string,dateTime,string,dateTime,string,string,string,string</XmlAttributeTypeList>
            <XmlNodePath>/ValueSetVO/ValueSetVORow/RelatedValueSetVO/RelatedValueSetVORow/RelatedValueVO/RelatedValueVORow</XmlNodePath>
            <NodeSequence>6</NodeSequence>
         </MigrationProcessBusinessObjectCSVMetadataVORow>
         <MigrationProcessBusinessObjectCSVMetadataVORow>
            <ProcessId>-999</ProcessId>
            <BusinessObjectShortName>ORA_APPLICATION_FLEXFIELD_VALUE_SET_VALIDATION_VIEW_OBJECT</BusinessObjectShortName>
            <BatchName>f24622db-93d5-4ea7-bef4-5753d5e14771/FND_APP_FLEX_VALUE_SET/ValueSet</BatchName>
            <XmlAttributeList>ViewObjectName,ValueAttributeName,ValueAttributeType,ValueAttributeLength,CreationDate,CreatedBy,LastUpdateDate,LastUpdatedBy,LastUpdateLogin</XmlAttributeList>
            <XmlAttributeTypeList>string,string,string,int,dateTime,string,dateTime,string,string</XmlAttributeTypeList>
            <XmlNodePath>/ValueSetVO/ValueSetVORow/ValidationViewObjectVO/ValidationViewObjectVORow</XmlNodePath>
            <NodeSequence>4</NodeSequence>
         </MigrationProcessBusinessObjectCSVMetadataVORow>
         <MigrationProcessBusinessObjectCSVMetadataVORow>
            <ProcessId>-999</ProcessId>
            <BusinessObjectShortName>ORA_FND_APP_FLEX_VALUE_SET_VALIDATION_TABLE</BusinessObjectShortName>
            <BatchName>f24622db-93d5-4ea7-bef4-5753d5e14771/FND_APP_FLEX_VALUE_SET/ValueSet</BatchName>
            <XmlAttributeList>FromClause,WhereClause,OrderByClause,ValueColumnName,IdColumnName,DescriptionColumnName,EnabledFlagColumnName,StartDateColumnName,EndDateColumnName,ValueAttributesTableAlias,CreationDate,CreatedBy,LastUpdateDate,LastUpdatedBy,LastUpdateLogin</XmlAttributeList>
            <XmlAttributeTypeList>string,string,string,string,string,string,string,string,string,string,dateTime,string,dateTime,string,string</XmlAttributeTypeList>
            <XmlNodePath>/ValueSetVO/ValueSetVORow/ValidationTableVO/ValidationTableVORow</XmlNodePath>
            <NodeSequence>3</NodeSequence>
         </MigrationProcessBusinessObjectCSVMetadataVORow>
         <MigrationProcessBusinessObjectCSVMetadataVORow>
            <ProcessId>-999</ProcessId>
            <BusinessObjectShortName>ORA_FND_APP_FLEX_VALUE_SET_VALUE</BusinessObjectShortName>
            <BatchName>f24622db-93d5-4ea7-bef4-5753d5e14771/FND_APP_FLEX_VALUE_SET/ValueSet</BatchName>
            <XmlAttributeList>IndependentValue,IndependentValueNumber,IndependentValueDate,IndependentValueTimestamp,Value,ValueNumber,ValueDate,ValueTimestamp,TranslatedValue,Description,EnabledFlag,StartDateActive,EndDateActive,SummaryFlag,FlexValueAttribute1,FlexValueAttribute2,FlexValueAttribute3,FlexValueAttribute4,FlexValueAttribute5,FlexValueAttribute6,SortOrder,ExternalDataSource,CreationDate,CreatedBy,LastUpdateDate,LastUpdatedBy,LastUpdateLogin</XmlAttributeList>
            <XmlAttributeTypeList>string,decimal,date,dateTime,string,decimal,date,dateTime,string,string,string,date,date,string,string,string,string,string,string,string,long,string,dateTime,string,dateTime,string,string</XmlAttributeTypeList>
            <XmlNodePath>/ValueSetVO/ValueSetVORow/ValueVO/ValueVORow</XmlNodePath>
            <NodeSequence>2</NodeSequence>
         </MigrationProcessBusinessObjectCSVMetadataVORow>
         <MigrationProcessBusinessObjectCSVMetadataVORow>
            <ProcessId>-999</ProcessId>
            <BusinessObjectShortName>FND_APP_FLEX_VALUE_SET</BusinessObjectShortName>
            <BatchName>f24622db-93d5-4ea7-bef4-5753d5e14771/FND_APP_FLEX_VALUE_SET/ValueSet</BatchName>
            <XmlAttributeList>ModuleId,ValueSetCode,Description,ValidationType,ValueDataType,ValueSubtype,MaximumLength,Precision,Scale,UppercaseOnlyFlag,ZeroFillFlag,SecurityEnabledFlag,DataSecurityObjectName,MinimumValue,MinimumValueNumber,MinimumValueDate,MinimumValueTimestamp,MaximumValue,MaximumValueNumber,MaximumValueDate,MaximumValueTimestamp,CreationDate,CreatedBy,LastUpdateDate,LastUpdatedBy,LastUpdateLogin,IndependentValueSetCode</XmlAttributeList>
            <XmlAttributeTypeList>string,string,string,string,string,string,int,int,int,string,string,string,string,string,decimal,date,dateTime,string,decimal,date,dateTime,dateTime,string,dateTime,string,string,string</XmlAttributeTypeList>
            <XmlNodePath>/ValueSetVO/ValueSetVORow</XmlNodePath>
            <NodeSequence>1</NodeSequence>
         </MigrationProcessBusinessObjectCSVMetadataVORow>
      </MigrationProcessBusinessObjectCSVMetadata1>
      <MigrationProcessBatchCSVMetadata>
         <MigrationProcessBatchCSVMetadataVORow>
            <ProcessId>-999</ProcessId>
            <BatchName>f24622db-93d5-4ea7-bef4-5753d5e14771/FND_APP_FLEX_VALUE_SET/ValueSet</BatchName>
            <ImportSequence>0</ImportSequence>
            <ServiceName>oracle.apps.fnd.applcore.flex.webservice.ValueSetWS</ServiceName>
            <BatchSize>500</BatchSize>
         </MigrationProcessBatchCSVMetadataVORow>
      </MigrationProcessBatchCSVMetadata>
      <MigrationProcessScopeValueCSVMetadata>
         <MigrationProcessScopeValueCSVMetadataVORow>
            <ProcessId>-999</ProcessId>
            <MigScopeValueSetId>100001708447415</MigScopeValueSetId>
            <BusinessObjectShortName>FND_APP_FLEX_VALUE_SET</BusinessObjectShortName>
            <ScopeValueBoAttributeId>mode</ScopeValueBoAttributeId>
            <ScopeValueBoAttributeValue>search</ScopeValueBoAttributeValue>
            <ScopeValueBoAttributeValueCode>search</ScopeValueBoAttributeValueCode>
         </MigrationProcessScopeValueCSVMetadataVORow>
      </MigrationProcessScopeValueCSVMetadata>
      <MigrationProcessMigrationObjectCSVMetadata>
         <MigrationProcessMigrationObjectCSVMetadataVORow>
            <ProcessId>-999</ProcessId>
            <BusinessObjectShortName>FND_APP_FLEX_VALUE_SET</BusinessObjectShortName>
            <MigrateFlag>Y</MigrateFlag>
            <IncludeExternalDataFlag>Y</IncludeExternalDataFlag>
         </MigrationProcessMigrationObjectCSVMetadataVORow>
      </MigrationProcessMigrationObjectCSVMetadata>
      <MigrationProcessTaskCSVMetadata null="true"/>
      <MigrationProcessServiceVersionCSVMetadata null="true"/>
   </MigrationProcessCSVMetadataVORow>
</MigrationProcessCSVMetadataVO>