"OrchestrationApplicationCode","ProcessName","DooProcessVersion","CategoryIdTrans","StatusRulesetCode","CatalogCode","CreatedBy","LastUpdatedBy","ParentCategoryIdTrans"
"DOO","ClickShipCollect2","2","@#$","Copy of ClickShipCollect1","","SCM_IMPL","SCM_IMPL",""
"DOO","ClickShipCollect1","1","@#$","ClickShipCollect1-Version 1","","SCM_IMPL","SCM_IMPL",""
"DOO","ClickShipCollect2","1","@#$","Copy of ClickShipCollect1-Version 1","","SCM_IMPL","SCM_IMPL",""
"DOO","ClickShipCollect1","2","@#$","ClickShipCollect1-Version 2","","SCM_IMPL","SCM_IMPL",""
