"OrchestrationApplicationCode","StatusCode","ProcessName","SequenceNumber","DooProcessVersion","NotifyFlag","CreatedBy","LastUpdatedBy","ConditionDisplayTaskCode"
"DOO","CREDIT_CARD_APPROVED","ClickShipCollect2","5","2","N","SCM_IMPL","SCM_IMPL","""Credit Card Payment""=""CREDIT_CARD_APPROVED"""
"DOO","SCHEDULED","ClickShipCollect2","10","2","N","SCM_IMPL","SCM_IMPL","""DOO_Schedule""=""SCHEDULED"""
"DOO","RESERVED","ClickShipCollect2","20","2","N","SCM_IMPL","SCM_IMPL","""DOO_Reserve""=""RESERVED"""
"DOO","SKU_PICKED","ClickShipCollect2","25","2","N","SCM_IMPL","SCM_IMPL","""NotifyStoretoPickSKU1""=""SKU_PICKED"""
"DOO","CUSTOMER_NOTIFIED","ClickShipCollect2","30","2","N","SCM_IMPL","SCM_IMPL","""NotifyCustomer""=""CUSTOMER_NOTIFIED"""
"DOO","AWAIT_SHIP","ClickShipCollect2","40","2","N","SCM_IMPL","SCM_IMPL","""DOO_Ship""=""AWAIT_SHIP"""
"DOO","AWAIT_CUSTOMER_PICKUP","ClickShipCollect2","45","2","N","SCM_IMPL","SCM_IMPL","""CustomerPickup""=""AWAIT_SHIP"""
"DOO","BACKORDERED","ClickShipCollect2","50","2","N","SCM_IMPL","SCM_IMPL","""DOO_Ship""=""BACKORDERED""OR""CustomerPickup""=""BACKORDERED"""
"DOO","PICKED","ClickShipCollect2","60","2","N","SCM_IMPL","SCM_IMPL","""DOO_Ship""=""PICKED""OR""CustomerPickup""=""PICKED"""
"DOO","SHIPPED","ClickShipCollect2","70","2","N","SCM_IMPL","SCM_IMPL","""DOO_Ship""=""SHIPPED""OR""CustomerPickup""=""SHIPPED"""
"DOO","BILLED","ClickShipCollect2","90","2","N","SCM_IMPL","SCM_IMPL","""Settlement""=""AWAIT_BILLING""OR""Settlement""=""BILLED"""
"DOO","CREDIT_CARD_APPROVED","ClickShipCollect1","5","1","N","SCM_IMPL","SCM_IMPL","""Credit Card Payment""=""CREDIT_CARD_APPROVED"""
"DOO","SCHEDULED","ClickShipCollect1","10","1","N","SCM_IMPL","SCM_IMPL","""DOO_Schedule""=""SCHEDULED"""
"DOO","RESERVED","ClickShipCollect1","20","1","N","SCM_IMPL","SCM_IMPL","""DOO_Reserve""=""RESERVED"""
"DOO","SKU_PICKED","ClickShipCollect1","25","1","N","SCM_IMPL","SCM_IMPL","""NotifyStoretoPickSKU""=""SKU_PICKED"""
"DOO","CUSTOMER_NOTIFIED","ClickShipCollect1","30","1","N","SCM_IMPL","SCM_IMPL","""NotifyCustomer""=""CUSTOMER_NOTIFIED"""
"DOO","AWAIT_SHIP","ClickShipCollect1","40","1","N","SCM_IMPL","SCM_IMPL","""DOO_Ship""=""AWAIT_SHIP"""
"DOO","AWAIT_CUSTOMER_PICKUP","ClickShipCollect1","45","1","N","SCM_IMPL","SCM_IMPL","""CustomerPickup""=""AWAIT_SHIP"""
"DOO","PICKED","ClickShipCollect1","60","1","N","SCM_IMPL","SCM_IMPL","""DOO_Ship""=""PICKED""OR""CustomerPickup""=""PICKED"""
"DOO","SHIPPED","ClickShipCollect1","70","1","N","SCM_IMPL","SCM_IMPL","""DOO_Ship""=""SHIPPED""OR""CustomerPickup""=""SHIPPED"""
"DOO","BILLED","ClickShipCollect1","90","1","N","SCM_IMPL","SCM_IMPL","""Settlement""=""AWAIT_BILLING""OR""Settlement""=""BILLED"""
"DOO","CREDIT_CARD_APPROVED","ClickShipCollect2","5","1","N","SCM_IMPL","SCM_IMPL","""Credit Card Payment""=""CREDIT_CARD_APPROVED"""
"DOO","SCHEDULED","ClickShipCollect2","10","1","N","SCM_IMPL","SCM_IMPL","""DOO_Schedule""=""SCHEDULED"""
"DOO","SKU_PICKED","ClickShipCollect2","25","1","N","SCM_IMPL","SCM_IMPL","""NotifyStoretoPickSKU1""=""SKU_PICKED"""
"DOO","CUSTOMER_NOTIFIED","ClickShipCollect2","30","1","N","SCM_IMPL","SCM_IMPL","""NotifyCustomer""=""CUSTOMER_NOTIFIED"""
"DOO","AWAIT_SHIP","ClickShipCollect2","40","1","N","SCM_IMPL","SCM_IMPL","""DOO_Ship""=""AWAIT_SHIP"""
"DOO","BACKORDERED","ClickShipCollect2","50","1","N","SCM_IMPL","SCM_IMPL","""DOO_Ship""=""BACKORDERED""OR""CustomerPickup""=""BACKORDERED"""
"DOO","PICKED","ClickShipCollect2","60","1","N","SCM_IMPL","SCM_IMPL","""DOO_Ship""=""PICKED""OR""CustomerPickup""=""PICKED"""
"DOO","SHIPPED","ClickShipCollect2","70","1","N","SCM_IMPL","SCM_IMPL","""DOO_Ship""=""SHIPPED""OR""CustomerPickup""=""SHIPPED"""
"DOO","CREDIT_CARD_APPROVED","ClickShipCollect1","5","2","N","SCM_IMPL","SCM_IMPL","""Credit Card Payment""=""CREDIT_CARD_APPROVED"""
"DOO","SCHEDULED","ClickShipCollect1","10","2","N","SCM_IMPL","SCM_IMPL","""DOO_Schedule""=""SCHEDULED"""
"DOO","RESERVED","ClickShipCollect1","20","2","N","SCM_IMPL","SCM_IMPL","""DOO_Reserve""=""RESERVED"""
"DOO","SKU_PICKED","ClickShipCollect1","25","2","N","SCM_IMPL","SCM_IMPL","""NotifyStoretoPickSKU""=""SKU_PICKED"""
"DOO","CUSTOMER_NOTIFIED","ClickShipCollect1","30","2","N","SCM_IMPL","SCM_IMPL","""NotifyCustomer""=""CUSTOMER_NOTIFIED"""
"DOO","AWAIT_SHIP","ClickShipCollect1","40","2","N","SCM_IMPL","SCM_IMPL","""DOO_Ship""=""AWAIT_SHIP"""
"DOO","AWAIT_CUSTOMER_PICKUP","ClickShipCollect1","45","2","N","SCM_IMPL","SCM_IMPL","""CustomerPickup""=""AWAIT_SHIP"""
"DOO","BACKORDERED","ClickShipCollect1","50","2","N","SCM_IMPL","SCM_IMPL","""DOO_Ship""=""BACKORDERED""OR""CustomerPickup""=""BACKORDERED"""
"DOO","PICKED","ClickShipCollect1","60","2","N","SCM_IMPL","SCM_IMPL","""DOO_Ship""=""PICKED""OR""CustomerPickup""=""PICKED"""
"DOO","SHIPPED","ClickShipCollect1","70","2","N","SCM_IMPL","SCM_IMPL","""DOO_Ship""=""SHIPPED""OR""CustomerPickup""=""SHIPPED"""
"DOO","BILLED","ClickShipCollect1","90","2","N","SCM_IMPL","SCM_IMPL","""Settlement""=""AWAIT_BILLING""OR""Settlement""=""BILLED"""
"DOO","BACKORDERED","ClickShipCollect1","50","1","N","SCM_IMPL","SCM_IMPL","""DOO_Ship""=""BACKORDERED""OR""CustomerPickup""=""BACKORDERED"""
"DOO","BILLED","ClickShipCollect2","90","1","N","SCM_IMPL","SCM_IMPL","""Settlement""=""AWAIT_BILLING""OR""Settlement""=""BILLED"""
"DOO","RESERVED","ClickShipCollect2","20","1","N","SCM_IMPL","SCM_IMPL","""DOO_Reserve""=""RESERVED"""
"DOO","AWAIT_CUSTOMER_PICKUP","ClickShipCollect2","45","1","N","SCM_IMPL","SCM_IMPL","""CustomerPickup""=""AWAIT_SHIP"""
