"FF_FORMULA.FormulaName","FF_FORMULA.EffectiveStartDate","FF_FORMULA.EffectiveEndDate","FF_FORMULA.LegislativeDataGroupName","FF_FORMULA.FormulaTypeName","FF_FORMULA.LegislationCode","ViewInstanceName","GroupingKey","Description","FormulaName","Language","SourceLang","LegislativeDataGroupName","BaseFormulaName","FormulaId","LegislativeDataGroupId"
"Manager Range of Scheduled Hours","2022/03/23","4712/12/31","","Range of Scheduled Hours","","FormulaTranslation","Manager Range of Scheduled Hours,null","","Manager Range of Scheduled Hours","AR","US","","","","#null"
"Manager Range of Scheduled Hours","2022/03/23","4712/12/31","","Range of Scheduled Hours","","FormulaTranslation","Manager Range of Scheduled Hours,null","","Manager Range of Scheduled Hours","CS","US","","","","#null"
"Manager Range of Scheduled Hours","2022/03/23","4712/12/31","","Range of Scheduled Hours","","FormulaTranslation","Manager Range of Scheduled Hours,null","","Manager Range of Scheduled Hours","D","US","","","","#null"
"Manager Range of Scheduled Hours","2022/03/23","4712/12/31","","Range of Scheduled Hours","","FormulaTranslation","Manager Range of Scheduled Hours,null","","Manager Range of Scheduled Hours","DK","US","","","","#null"
"Manager Range of Scheduled Hours","2022/03/23","4712/12/31","","Range of Scheduled Hours","","FormulaTranslation","Manager Range of Scheduled Hours,null","","Manager Range of Scheduled Hours","E","US","","","","#null"
"Manager Range of Scheduled Hours","2022/03/23","4712/12/31","","Range of Scheduled Hours","","FormulaTranslation","Manager Range of Scheduled Hours,null","","Manager Range of Scheduled Hours","F","US","","","","#null"
"Manager Range of Scheduled Hours","2022/03/23","4712/12/31","","Range of Scheduled Hours","","FormulaTranslation","Manager Range of Scheduled Hours,null","","Manager Range of Scheduled Hours","FRC","US","","","","#null"
"Manager Range of Scheduled Hours","2022/03/23","4712/12/31","","Range of Scheduled Hours","","FormulaTranslation","Manager Range of Scheduled Hours,null","","Manager Range of Scheduled Hours","HU","US","","","","#null"
"Manager Range of Scheduled Hours","2022/03/23","4712/12/31","","Range of Scheduled Hours","","FormulaTranslation","Manager Range of Scheduled Hours,null","","Manager Range of Scheduled Hours","I","US","","","","#null"
"Manager Range of Scheduled Hours","2022/03/23","4712/12/31","","Range of Scheduled Hours","","FormulaTranslation","Manager Range of Scheduled Hours,null","","Manager Range of Scheduled Hours","IW","US","","","","#null"
"Manager Range of Scheduled Hours","2022/03/23","4712/12/31","","Range of Scheduled Hours","","FormulaTranslation","Manager Range of Scheduled Hours,null","","Manager Range of Scheduled Hours","JA","US","","","","#null"
"Manager Range of Scheduled Hours","2022/03/23","4712/12/31","","Range of Scheduled Hours","","FormulaTranslation","Manager Range of Scheduled Hours,null","","Manager Range of Scheduled Hours","KO","US","","","","#null"
"Manager Range of Scheduled Hours","2022/03/23","4712/12/31","","Range of Scheduled Hours","","FormulaTranslation","Manager Range of Scheduled Hours,null","","Manager Range of Scheduled Hours","N","US","","","","#null"
"Manager Range of Scheduled Hours","2022/03/23","4712/12/31","","Range of Scheduled Hours","","FormulaTranslation","Manager Range of Scheduled Hours,null","","Manager Range of Scheduled Hours","NL","US","","","","#null"
"Manager Range of Scheduled Hours","2022/03/23","4712/12/31","","Range of Scheduled Hours","","FormulaTranslation","Manager Range of Scheduled Hours,null","","Manager Range of Scheduled Hours","PL","US","","","","#null"
"Manager Range of Scheduled Hours","2022/03/23","4712/12/31","","Range of Scheduled Hours","","FormulaTranslation","Manager Range of Scheduled Hours,null","","Manager Range of Scheduled Hours","PTB","US","","","","#null"
"Manager Range of Scheduled Hours","2022/03/23","4712/12/31","","Range of Scheduled Hours","","FormulaTranslation","Manager Range of Scheduled Hours,null","","Manager Range of Scheduled Hours","RO","US","","","","#null"
"Manager Range of Scheduled Hours","2022/03/23","4712/12/31","","Range of Scheduled Hours","","FormulaTranslation","Manager Range of Scheduled Hours,null","","Manager Range of Scheduled Hours","RU","US","","","","#null"
"Manager Range of Scheduled Hours","2022/03/23","4712/12/31","","Range of Scheduled Hours","","FormulaTranslation","Manager Range of Scheduled Hours,null","","Manager Range of Scheduled Hours","S","US","","","","#null"
"Manager Range of Scheduled Hours","2022/03/23","4712/12/31","","Range of Scheduled Hours","","FormulaTranslation","Manager Range of Scheduled Hours,null","","Manager Range of Scheduled Hours","SF","US","","","","#null"
"Manager Range of Scheduled Hours","2022/03/23","4712/12/31","","Range of Scheduled Hours","","FormulaTranslation","Manager Range of Scheduled Hours,null","","Manager Range of Scheduled Hours","TH","US","","","","#null"
"Manager Range of Scheduled Hours","2022/03/23","4712/12/31","","Range of Scheduled Hours","","FormulaTranslation","Manager Range of Scheduled Hours,null","","Manager Range of Scheduled Hours","TR","US","","","","#null"
"Manager Range of Scheduled Hours","2022/03/23","4712/12/31","","Range of Scheduled Hours","","FormulaTranslation","Manager Range of Scheduled Hours,null","","Manager Range of Scheduled Hours","US","US","","","","#null"
"Manager Range of Scheduled Hours","2022/03/23","4712/12/31","","Range of Scheduled Hours","","FormulaTranslation","Manager Range of Scheduled Hours,null","","Manager Range of Scheduled Hours","ZHS","US","","","","#null"
"Manager Range of Scheduled Hours","2022/03/23","4712/12/31","","Range of Scheduled Hours","","FormulaTranslation","Manager Range of Scheduled Hours,null","","Manager Range of Scheduled Hours","ZHT","US","","","","#null"
